{
  "learning_rate": 0.001312462461450541,
  "hidden_size": 160,
  "dropout": 0.24508083845464407
}